<?xml version="1.0" encoding="UTF-8"?>
<project-private xmlns="http://www.netbeans.org/ns/project-private/1">
    <editor-bookmarks xmlns="http://www.netbeans.org/ns/editor-bookmarks/2" lastBookmarkId="0"/>
    <open-files xmlns="http://www.netbeans.org/ns/projectui-open-files/2">
        <group>
            <file>file:/D:/DOAN%20HUTECH/DoAnChuyenNganh/QuanLyTrungTamAnhNgu/src/quanlytrungtamanhngu/DiemDanh.java</file>
            <file>file:/D:/DOAN%20HUTECH/DoAnChuyenNganh/QuanLyTrungTamAnhNgu/src/quanlytrungtamanhngu/GiaoDien.java</file>
            <file>file:/D:/DOAN%20HUTECH/DoAnChuyenNganh/QuanLyTrungTamAnhNgu/src/quanlytrungtamanhngu/HoaDon.java</file>
            <file>file:/D:/DOAN%20HUTECH/DoAnChuyenNganh/QuanLyTrungTamAnhNgu/src/quanlytrungtamanhngu/ThiXetLop.java</file>
            <file>file:/D:/DOAN%20HUTECH/DoAnChuyenNganh/QuanLyTrungTamAnhNgu/src/quanlytrungtamanhngu/DangNhap.java</file>
            <file>file:/D:/DOAN%20HUTECH/DoAnChuyenNganh/QuanLyTrungTamAnhNgu/src/quanlytrungtamanhngu/Lop.java</file>
            <file>file:/D:/DOAN%20HUTECH/DoAnChuyenNganh/QuanLyTrungTamAnhNgu/src/quanlytrungtamanhngu/HocPhi.java</file>
            <file>file:/D:/DOAN%20HUTECH/DoAnChuyenNganh/QuanLyTrungTamAnhNgu/src/quanlytrungtamanhngu/HocVien.java</file>
        </group>
    </open-files>
</project-private>
